chemin,portee,verification,sha256
.github/workflows/test.yml,code/configuration ajouté ou modifié et dépendances utiles,"relecture du diff, parcours natif / partagé / construction selon surface",493e3a7429bf4299b76abfbf8a863d6c234f8aeadfa25a67764ce3f5e207a3a9
MacDown 3000.xcodeproj/project.pbxproj,code/configuration ajouté ou modifié et dépendances utiles,"relecture du diff, parcours natif / partagé / construction selon surface",a3edd128af89e0afad09854154cb1c40233d33fc7222cf88526c540260ce83eb
MacDown/Code/Application/MPMainController.m,code/configuration ajouté ou modifié et dépendances utiles,"relecture du diff, parcours natif / partagé / construction selon surface",555095a5d1efb8c1cbbed839b3fd499311561161ae70fae50bf4f36f251fa021
MacDown/Code/Document/MPDocument.m,code/configuration ajouté ou modifié et dépendances utiles,"relecture du diff, parcours natif / partagé / construction selon surface",3d947c8619353152bee6353242f0038ac609cb692fc270414e51b7c04fc837bf
MacDown/Code/Document/MPRenderer.h,code/configuration ajouté ou modifié et dépendances utiles,"relecture du diff, parcours natif / partagé / construction selon surface",bcb76a7aaa0ca8ac003c28d805078fd9b5caa1f47ade5faae15c4eced8f1d714
MacDown/Code/Document/MPRenderer.m,code/configuration ajouté ou modifié et dépendances utiles,"relecture du diff, parcours natif / partagé / construction selon surface",9f939ced17498d63c21142270cbdbe3b4da90abf2f1fdc0eb9c010dbaa692ca9
MacDown/Code/Preferences/MPPreferences.h,code/configuration ajouté ou modifié et dépendances utiles,"relecture du diff, parcours natif / partagé / construction selon surface",70812f568ceb7cb246893bdaca501231d3c0d04418fd298b44fde89f01efb630
MacDown/Code/Preferences/MPPreferences.m,code/configuration ajouté ou modifié et dépendances utiles,"relecture du diff, parcours natif / partagé / construction selon surface",45b08f2d40f1ebf1c49cfafdc9d13ba43f70faff030af374cdf5081ea428da02
MacDown/Localization/Base.lproj/MPGeneralPreferencesViewController.xib,code/configuration ajouté ou modifié et dépendances utiles,"relecture du diff, parcours natif / partagé / construction selon surface",05af7823efd0eee4b1c4984dff2f5b65f88162f339b32d35a89aedbc108ec75e
MacDown/Localization/Base.lproj/MPHtmlPreferencesViewController.xib,code/configuration ajouté ou modifié et dépendances utiles,"relecture du diff, parcours natif / partagé / construction selon surface",846e6a4543eff2ea8b1d05cb03a5cf343c7c5d72f745b1ef33b821e14b90ed3e
MacDown/Resources/CommunityPrismThemes/COMMUNITY-THEMES-LICENSE.txt,licence de ressources,licence et provenance conservées; présence dans bundles,9491f4ba54ea37c73e68e5ada0b74957585526875ad7cbbd5bedadabc467bad2
MacDown/Resources/CommunityPrismThemes/prism-a11y-dark.css,ressource tierce épinglée,"SHA-256, contrôle CSS hors ligne / parseur PEG selon type, empaquetage",2c2b2c4dbe5d8cebfd2661ab2090597fd0ceb865c9aed2ecbdadd4a91c22b8be
MacDown/Resources/CommunityPrismThemes/prism-atom-dark.css,ressource tierce épinglée,"SHA-256, contrôle CSS hors ligne / parseur PEG selon type, empaquetage",a36a56e27170b8db30e52d4b62f8aa65a9a598ecc64b6982955e125146a20461
MacDown/Resources/CommunityPrismThemes/prism-base16-ateliersulphurpool.light.css,ressource tierce épinglée,"SHA-256, contrôle CSS hors ligne / parseur PEG selon type, empaquetage",7304468b0a7cab3f678f2c46c742c9389c40abfa784c44b5d3198db3f79241b3
MacDown/Resources/CommunityPrismThemes/prism-cb.css,ressource tierce épinglée,"SHA-256, contrôle CSS hors ligne / parseur PEG selon type, empaquetage",2b5c3c5cb5b4fd7197c0e3278e5b456bc619036b890ed0152e536182235e9207
MacDown/Resources/CommunityPrismThemes/prism-coldark-cold.css,ressource tierce épinglée,"SHA-256, contrôle CSS hors ligne / parseur PEG selon type, empaquetage",ac6e9c21259cf6bdf2c7f0ad6dfa27606eb4e743c30a70e9adef3d91afaf29c0
MacDown/Resources/CommunityPrismThemes/prism-coldark-dark.css,ressource tierce épinglée,"SHA-256, contrôle CSS hors ligne / parseur PEG selon type, empaquetage",87e642f353074ab66345f6fda797f8053448e66a892ffb472a39f99ed2dfaae9
MacDown/Resources/CommunityPrismThemes/prism-coy-without-shadows.css,ressource tierce épinglée,"SHA-256, contrôle CSS hors ligne / parseur PEG selon type, empaquetage",e2d952d83293be98a45d8c35e64a69f068224010d2a163109b00f0494b616a74
MacDown/Resources/CommunityPrismThemes/prism-darcula.css,ressource tierce épinglée,"SHA-256, contrôle CSS hors ligne / parseur PEG selon type, empaquetage",314e259b322b76d9078016a23e8798dd555115a6bfcee57e916817fbe0690635
MacDown/Resources/CommunityPrismThemes/prism-dracula.css,ressource tierce épinglée,"SHA-256, contrôle CSS hors ligne / parseur PEG selon type, empaquetage",75bf49ff095fe5ab93c270a4c245b06f48b03ab1dd7523fd07ac511d66965e3b
MacDown/Resources/CommunityPrismThemes/prism-duotone-dark.css,ressource tierce épinglée,"SHA-256, contrôle CSS hors ligne / parseur PEG selon type, empaquetage",4c48004a5a39da5706fe4f6197960a1518f7c0d3575d50669ce1645207b92c5c
MacDown/Resources/CommunityPrismThemes/prism-duotone-earth.css,ressource tierce épinglée,"SHA-256, contrôle CSS hors ligne / parseur PEG selon type, empaquetage",a345969cd31c1fead1505db2681d57fdea5c97e80939f6758cd78367f4c66a94
MacDown/Resources/CommunityPrismThemes/prism-duotone-forest.css,ressource tierce épinglée,"SHA-256, contrôle CSS hors ligne / parseur PEG selon type, empaquetage",df177842e6718200dde780143b4e1711dd5b84f651e82e2c04a5eeffebdac115
MacDown/Resources/CommunityPrismThemes/prism-duotone-light.css,ressource tierce épinglée,"SHA-256, contrôle CSS hors ligne / parseur PEG selon type, empaquetage",07e5fa44fbd5588a716739a1e6394926a2dd65c572c0f487a85695aa5a531314
MacDown/Resources/CommunityPrismThemes/prism-duotone-sea.css,ressource tierce épinglée,"SHA-256, contrôle CSS hors ligne / parseur PEG selon type, empaquetage",9353685749d0a5bae94769b12aee9e20e0d80093aebd9057332c2bc8aeb96f39
MacDown/Resources/CommunityPrismThemes/prism-duotone-space.css,ressource tierce épinglée,"SHA-256, contrôle CSS hors ligne / parseur PEG selon type, empaquetage",4d7a87fd717a2ba7bb8da97ca88b5fa3959cbe2b30c3f24c6a5f71a28cfc4a9a
MacDown/Resources/CommunityPrismThemes/prism-ghcolors.css,ressource tierce épinglée,"SHA-256, contrôle CSS hors ligne / parseur PEG selon type, empaquetage",44ee02829eac368db9dde2f3473e9e2a783118c52b31dde819231dfbf27613f7
MacDown/Resources/CommunityPrismThemes/prism-gruvbox-dark.css,ressource tierce épinglée,"SHA-256, contrôle CSS hors ligne / parseur PEG selon type, empaquetage",25ab9b4f8eab5340246a6a131edf844af0437af3b13e24b230684c837f888b48
MacDown/Resources/CommunityPrismThemes/prism-gruvbox-light.css,ressource tierce épinglée,"SHA-256, contrôle CSS hors ligne / parseur PEG selon type, empaquetage",fbed9a1774ef569d5867c1c438e12c0c18a51d19c1fc67ea1d2430247801a4a7
MacDown/Resources/CommunityPrismThemes/prism-holi-theme.css,ressource tierce épinglée,"SHA-256, contrôle CSS hors ligne / parseur PEG selon type, empaquetage",b90f3cb5a88709791fb395202d5d945b45fa49ac7640cf8a9b52c0d8eeeb31cd
MacDown/Resources/CommunityPrismThemes/prism-hopscotch.css,ressource tierce épinglée,"SHA-256, contrôle CSS hors ligne / parseur PEG selon type, empaquetage",6f4a52947e77a3ee84e8a2759e31ffff0bced36f868d3e3cc4d9db540a0c65f0
MacDown/Resources/CommunityPrismThemes/prism-laserwave.css,ressource tierce épinglée,"SHA-256, contrôle CSS hors ligne / parseur PEG selon type, empaquetage",ee342e19ab6bc8e64ad16136e69715f73324dbcd0c421c3b6ea7874b35b0c651
MacDown/Resources/CommunityPrismThemes/prism-lucario.css,ressource tierce épinglée,"SHA-256, contrôle CSS hors ligne / parseur PEG selon type, empaquetage",f3523a4a4ef8204201a0e95fe9c91179f814cd78ece2ef5131eeb9ac89e77348
MacDown/Resources/CommunityPrismThemes/prism-material-dark.css,ressource tierce épinglée,"SHA-256, contrôle CSS hors ligne / parseur PEG selon type, empaquetage",69845bbcc3dc377a6defac970b61cfa7fdbedb27794468a0fcd31bbed391dbc3
MacDown/Resources/CommunityPrismThemes/prism-material-light.css,ressource tierce épinglée,"SHA-256, contrôle CSS hors ligne / parseur PEG selon type, empaquetage",b0b584e607e80425f4c9527c2aa9b67b4a512ebd3a00dc284bca56a0552a7ec6
MacDown/Resources/CommunityPrismThemes/prism-material-oceanic.css,ressource tierce épinglée,"SHA-256, contrôle CSS hors ligne / parseur PEG selon type, empaquetage",f13c19e9da06be8c7b7a33d252dd1a578ebf29a885be8f96359666666fe4a6ba
MacDown/Resources/CommunityPrismThemes/prism-night-owl.css,ressource tierce épinglée,"SHA-256, contrôle CSS hors ligne / parseur PEG selon type, empaquetage",414643e18d59947d09dbb1eef6b18541c94a1fc6532e23c582e37ffd0f0f83e7
MacDown/Resources/CommunityPrismThemes/prism-nord.css,ressource tierce épinglée,"SHA-256, contrôle CSS hors ligne / parseur PEG selon type, empaquetage",504083faf3f62c23a038d873ae4fd8324ee242ecff6b2c1c414c2fe32ed900a6
MacDown/Resources/CommunityPrismThemes/prism-one-dark.css,ressource tierce épinglée,"SHA-256, contrôle CSS hors ligne / parseur PEG selon type, empaquetage",4c584f60117738068c44c682d93d5a4126e0086178e06bf5be45aecc8f536dff
MacDown/Resources/CommunityPrismThemes/prism-one-light.css,ressource tierce épinglée,"SHA-256, contrôle CSS hors ligne / parseur PEG selon type, empaquetage",198a9224f539f3f3c7534a5dfee608245ca62126b23a28498fa17f40e8bfca07
MacDown/Resources/CommunityPrismThemes/prism-pojoaque.css,ressource tierce épinglée,"SHA-256, contrôle CSS hors ligne / parseur PEG selon type, empaquetage",76ec023d72d777665596c4e670cd5bbf853c793f4e349bde29bac6550f14ed8b
MacDown/Resources/CommunityPrismThemes/prism-shades-of-purple.css,ressource tierce épinglée,"SHA-256, contrôle CSS hors ligne / parseur PEG selon type, empaquetage",df898352c600c96be6d0ecfa7959d09773521bb1eaebd5cbd62015956f2d2b8f
MacDown/Resources/CommunityPrismThemes/prism-solarized-dark-atom.css,ressource tierce épinglée,"SHA-256, contrôle CSS hors ligne / parseur PEG selon type, empaquetage",4afcdcaf67efe88f74e1999b541804bc1440addbefe3d8ee671b8d8c0e94bb14
MacDown/Resources/CommunityPrismThemes/prism-synthwave84.css,ressource tierce épinglée,"SHA-256, contrôle CSS hors ligne / parseur PEG selon type, empaquetage",60fc2f6d5f04eee33e997bbe7da2c313e69e5ee01d9f33db7492d66ead3568d9
MacDown/Resources/CommunityPrismThemes/prism-vs.css,ressource tierce épinglée,"SHA-256, contrôle CSS hors ligne / parseur PEG selon type, empaquetage",e55110358df5508ec14ad60e694b08632f015f835dd924c2be0bd18ad300e00f
MacDown/Resources/CommunityPrismThemes/prism-vsc-dark-plus.css,ressource tierce épinglée,"SHA-256, contrôle CSS hors ligne / parseur PEG selon type, empaquetage",c68105c1a605d49907feca9f09e11fcbc2938725539f5e99724c0f4156cc7150
MacDown/Resources/CommunityPrismThemes/prism-xonokai.css,ressource tierce épinglée,"SHA-256, contrôle CSS hors ligne / parseur PEG selon type, empaquetage",fabfc487acf72434a09f19383551402fa8400a48a5bddc13b20488826758180e
MacDown/Resources/CommunityPrismThemes/prism-z-touch.css,ressource tierce épinglée,"SHA-256, contrôle CSS hors ligne / parseur PEG selon type, empaquetage",014a7a846f853ec5a4397bb9c26715e0aa2b990e818d7fdfbe069efc3fee9ee6
MacDown/Resources/Styles/Atelier Sulphurpool Light.css,ressource tierce épinglée,"SHA-256, contrôle CSS hors ligne / parseur PEG selon type, empaquetage",d3ee8ffe4a4ab12a7472ced4e25cb5c940501aeed63de99465082267c54ede80
MacDown/Resources/Styles/Atom Dark.css,ressource tierce épinglée,"SHA-256, contrôle CSS hors ligne / parseur PEG selon type, empaquetage",dbbfae19e878aabf390112ba4501923d99851a3a41881a5ace210ecf6c1e0d2c
MacDown/Resources/Styles/CB.css,ressource tierce épinglée,"SHA-256, contrôle CSS hors ligne / parseur PEG selon type, empaquetage",bb354fc37e62ed6aee9d76795151672c5ef3f6bf0b71069560c69951b65c18aa
MacDown/Resources/Styles/COMMUNITY-THEMES-LICENSE.txt,licence de ressources,licence et provenance conservées; présence dans bundles,57e2dfc0671f08c1699f810423a4757b9bc52a6614280acac112496a92716452
MacDown/Resources/Styles/Coldark Cold.css,ressource tierce épinglée,"SHA-256, contrôle CSS hors ligne / parseur PEG selon type, empaquetage",309eb79cfdf0dca67ef86763a59cf1c7f033600ccc03aafbe40babf28b07976b
MacDown/Resources/Styles/Coldark Dark.css,ressource tierce épinglée,"SHA-256, contrôle CSS hors ligne / parseur PEG selon type, empaquetage",0ac4c860976705940cbd6fc935ea00c5575f5cde4fc84315815047d42746badd
MacDown/Resources/Styles/Coy without shadows.css,ressource tierce épinglée,"SHA-256, contrôle CSS hors ligne / parseur PEG selon type, empaquetage",348e7b268a2f38c26147d41bb30fb5c98ef25705530a47e4fba1a54d2e9e0b52
MacDown/Resources/Styles/Darcula.css,ressource tierce épinglée,"SHA-256, contrôle CSS hors ligne / parseur PEG selon type, empaquetage",1a580bae5332937c64b42b75eac782f09d45c3e36a64adcde4afdb0d7416975c
MacDown/Resources/Styles/Dracula.css,ressource tierce épinglée,"SHA-256, contrôle CSS hors ligne / parseur PEG selon type, empaquetage",7cb8e1fca9e0281884549c9e3345cc3545acf21d71774a3ded4d365cc84b0683
MacDown/Resources/Styles/Duotone Dark.css,ressource tierce épinglée,"SHA-256, contrôle CSS hors ligne / parseur PEG selon type, empaquetage",48abdbd1138b082e3a9f19b23050aa948c8ef068ecfdb3d1155472437d5533c7
MacDown/Resources/Styles/Duotone Earth.css,ressource tierce épinglée,"SHA-256, contrôle CSS hors ligne / parseur PEG selon type, empaquetage",3960e1808f326c4a0afa9b7a316ecead3b131b01b1a82ec1b2fb6d3777671dc3
MacDown/Resources/Styles/Duotone Forest.css,ressource tierce épinglée,"SHA-256, contrôle CSS hors ligne / parseur PEG selon type, empaquetage",76ce5a8016f78bad39ce09d2104dd77da2d5807f532891440547d5f8fb53468c
MacDown/Resources/Styles/Duotone Light.css,ressource tierce épinglée,"SHA-256, contrôle CSS hors ligne / parseur PEG selon type, empaquetage",5cf3abeeb86a3b426f73809959cd923546531678a1192d65ff8ae0456349ac67
MacDown/Resources/Styles/Duotone Sea.css,ressource tierce épinglée,"SHA-256, contrôle CSS hors ligne / parseur PEG selon type, empaquetage",1b36be0211eeb7d0e0d226acac1a9184da56061c0dc8e089c40fb4c2fc42dec8
MacDown/Resources/Styles/Duotone Space.css,ressource tierce épinglée,"SHA-256, contrôle CSS hors ligne / parseur PEG selon type, empaquetage",f6c21b2efad90be9e5776b493e5dd0484c2850e8448a32eed2d2e84307b7b10b
MacDown/Resources/Styles/GHColors.css,ressource tierce épinglée,"SHA-256, contrôle CSS hors ligne / parseur PEG selon type, empaquetage",87669982eb3a43c7ad4704a4fefda77e99c460cc9c024e3d893fef30f58bf1c8
MacDown/Resources/Styles/Gruvbox Dark.css,ressource tierce épinglée,"SHA-256, contrôle CSS hors ligne / parseur PEG selon type, empaquetage",b3588c83e568c7218f828a370059695853c02e090a9a9ed7e072dc5e9a6c7609
MacDown/Resources/Styles/Gruvbox Light.css,ressource tierce épinglée,"SHA-256, contrôle CSS hors ligne / parseur PEG selon type, empaquetage",f3894fa058817f8f1c33fb7ecc56b8d0e4d11b40a5f3618a36dd729503fa31c0
MacDown/Resources/Styles/Holi Theme.css,ressource tierce épinglée,"SHA-256, contrôle CSS hors ligne / parseur PEG selon type, empaquetage",ebca689cc6bbd3208a2fccf2a028199b602d9333e8b2dbd7dba945a20b045f17
MacDown/Resources/Styles/Hopscotch.css,ressource tierce épinglée,"SHA-256, contrôle CSS hors ligne / parseur PEG selon type, empaquetage",63890241d1b8b26decda6e5b196ac2809e4afad16c7ec2738d29de547d87d99c
MacDown/Resources/Styles/Laserwave.css,ressource tierce épinglée,"SHA-256, contrôle CSS hors ligne / parseur PEG selon type, empaquetage",0b2f77424ef2fece36865e2bcda294f56f538682b17e44994445866128635f24
MacDown/Resources/Styles/Lucario.css,ressource tierce épinglée,"SHA-256, contrôle CSS hors ligne / parseur PEG selon type, empaquetage",cd7d01ce5db45b02b2ae782c85da6b74f0b535259ea550b1b35f55bc0c12f209
MacDown/Resources/Styles/Material Dark.css,ressource tierce épinglée,"SHA-256, contrôle CSS hors ligne / parseur PEG selon type, empaquetage",7e574acf35afde20d644b59561e95b1ebede098c27a0ef1cd23967e6aa561f13
MacDown/Resources/Styles/Material Light.css,ressource tierce épinglée,"SHA-256, contrôle CSS hors ligne / parseur PEG selon type, empaquetage",4632f78d86a061ba021baeb25025401645f72d39bf4cb8d22411edc05f2c8cbd
MacDown/Resources/Styles/Material Oceanic.css,ressource tierce épinglée,"SHA-256, contrôle CSS hors ligne / parseur PEG selon type, empaquetage",d0f272e272f18be7404d9ad1ab293fadec1dac00eb94178f48bad06392e1269e
MacDown/Resources/Styles/Night Owl.css,ressource tierce épinglée,"SHA-256, contrôle CSS hors ligne / parseur PEG selon type, empaquetage",9a6966513b1967211999520312a59edd24b07b6a0a2af5986f7c44d58fcc9fd9
MacDown/Resources/Styles/Nord.css,ressource tierce épinglée,"SHA-256, contrôle CSS hors ligne / parseur PEG selon type, empaquetage",96d76f6b4a4ae581cd9d01dbc09f082d69879183fd268631b11bca6ff1e75691
MacDown/Resources/Styles/One Dark.css,ressource tierce épinglée,"SHA-256, contrôle CSS hors ligne / parseur PEG selon type, empaquetage",5b8bf97659103b3ef7a35bc69252f083062f32aa06ee2aa1c3eb91079551c66d
MacDown/Resources/Styles/One Light.css,ressource tierce épinglée,"SHA-256, contrôle CSS hors ligne / parseur PEG selon type, empaquetage",fa5d0bf7bcd9ef52682be38a8a8be844ef8d0a72222bcddcb9d2a62b357bae1e
MacDown/Resources/Styles/Pojoaque.css,ressource tierce épinglée,"SHA-256, contrôle CSS hors ligne / parseur PEG selon type, empaquetage",765a537636223cc302475ce3c76653c92d97f24cc03ac3695087a6faf76192f6
MacDown/Resources/Styles/Shades of Purple.css,ressource tierce épinglée,"SHA-256, contrôle CSS hors ligne / parseur PEG selon type, empaquetage",968d2812359dc20cddf1943fb20f1c2aacb30d6a3b90bc24211d75213304bfbf
MacDown/Resources/Styles/Solarized Dark Atom.css,ressource tierce épinglée,"SHA-256, contrôle CSS hors ligne / parseur PEG selon type, empaquetage",d4b10d318039606989a2df81a3d1d951d10ba7d5ccdcc0bf2b4d98e3ffa0a548
MacDown/Resources/Styles/Synthwave 84.css,ressource tierce épinglée,"SHA-256, contrôle CSS hors ligne / parseur PEG selon type, empaquetage",94515ad769f7009efcf87685aaed90cdc3eb6d283b97aa33d53789a3300876c1
MacDown/Resources/Styles/VS Code Dark Plus.css,ressource tierce épinglée,"SHA-256, contrôle CSS hors ligne / parseur PEG selon type, empaquetage",4221e0b7aca7c52e8dd85a5a4ec3693b2e4933e323006d83fbc13687d60f63ff
MacDown/Resources/Styles/VS.css,ressource tierce épinglée,"SHA-256, contrôle CSS hors ligne / parseur PEG selon type, empaquetage",5943a25eb0b8a987f89dfc2b1f078aa9933baa6c46b4913c322fc58f912cf1f2
MacDown/Resources/Styles/Xonokai.css,ressource tierce épinglée,"SHA-256, contrôle CSS hors ligne / parseur PEG selon type, empaquetage",76e7e94a16d4a304904e849054721fc1e9c60c8a6e9888693c068d7c35f971b8
MacDown/Resources/Styles/Z-Touch.css,ressource tierce épinglée,"SHA-256, contrôle CSS hors ligne / parseur PEG selon type, empaquetage",2bf59e30610bef0e91dd6ed0b881b241316b8aaa93ca368eef035ffdc429fda1
MacDown/Resources/Styles/a11y Dark.css,ressource tierce épinglée,"SHA-256, contrôle CSS hors ligne / parseur PEG selon type, empaquetage",93d472d9b81c7b1f77bab43e8aa873664ee174075a15eb9e16599b727dac5a4d
MacDown/Resources/Themes/Atelier Sulphurpool Light+.style,ressource tierce épinglée,"SHA-256, contrôle CSS hors ligne / parseur PEG selon type, empaquetage",b405e806ba4d870d443c7ce7da0a09e0f5c52a8577376927c831b65f194c314a
MacDown/Resources/Themes/Atelier Sulphurpool Light.style,ressource tierce épinglée,"SHA-256, contrôle CSS hors ligne / parseur PEG selon type, empaquetage",f9588a54010a2975dd15ebdfcfcaa1c2f4a8a7163bc9c0a11f216e68aeb6a6a8
MacDown/Resources/Themes/Atom Dark+.style,ressource tierce épinglée,"SHA-256, contrôle CSS hors ligne / parseur PEG selon type, empaquetage",367d9b05f80f7502bd7365bdf306bf6ed029ca4c38332e1d247faa1e7139b783
MacDown/Resources/Themes/Atom Dark.style,ressource tierce épinglée,"SHA-256, contrôle CSS hors ligne / parseur PEG selon type, empaquetage",3e36b39e62fabe6f7d10eb26419f8eb1257fd104b2fa8de3aea848ed5b0828c5
MacDown/Resources/Themes/CB+.style,ressource tierce épinglée,"SHA-256, contrôle CSS hors ligne / parseur PEG selon type, empaquetage",24162057c4f815bbe00c846079e1d797430d7dca2591fd4c9739f8a5bb3ef92e
MacDown/Resources/Themes/CB.style,ressource tierce épinglée,"SHA-256, contrôle CSS hors ligne / parseur PEG selon type, empaquetage",449a35a45b3f0a67bc933e99652c1cad5adabf9f0eabb5ea8fa0f1f8378f37ea
MacDown/Resources/Themes/COMMUNITY-THEMES-LICENSE.txt,licence de ressources,licence et provenance conservées; présence dans bundles,57e2dfc0671f08c1699f810423a4757b9bc52a6614280acac112496a92716452
MacDown/Resources/Themes/Coldark Cold+.style,ressource tierce épinglée,"SHA-256, contrôle CSS hors ligne / parseur PEG selon type, empaquetage",da6ccda8128f449278564bc64452cdfad3bd8fec5ce2e10518ed6f9f1fc34586
MacDown/Resources/Themes/Coldark Cold.style,ressource tierce épinglée,"SHA-256, contrôle CSS hors ligne / parseur PEG selon type, empaquetage",e060f5fcb562622c1708e138762d5dde5b7a9b1b0a063ab385ce2dd2c665f830
MacDown/Resources/Themes/Coldark Dark+.style,ressource tierce épinglée,"SHA-256, contrôle CSS hors ligne / parseur PEG selon type, empaquetage",8cc7d1380d033f64b6143d32234fee71b1d6836fe6969dccb3e15dfe9e5bc810
MacDown/Resources/Themes/Coldark Dark.style,ressource tierce épinglée,"SHA-256, contrôle CSS hors ligne / parseur PEG selon type, empaquetage",38f229ad296956380ff63270b5d1f2e23c66932f899b241022eb27a39da1eb56
MacDown/Resources/Themes/Coy without shadows+.style,ressource tierce épinglée,"SHA-256, contrôle CSS hors ligne / parseur PEG selon type, empaquetage",838d7d12bb96fa874c8a9d460644cf571b7644b158d10c19b8ddd1a7e05fef98
MacDown/Resources/Themes/Coy without shadows.style,ressource tierce épinglée,"SHA-256, contrôle CSS hors ligne / parseur PEG selon type, empaquetage",11275f20ab2fc2370e9ded9e904644e90589f60dad33c0db43bbd32e888cc53b
MacDown/Resources/Themes/Darcula+.style,ressource tierce épinglée,"SHA-256, contrôle CSS hors ligne / parseur PEG selon type, empaquetage",0ba4a61c95a708eaffa3ec430a6160eadf85092906f41832b6d0d4893276ce31
MacDown/Resources/Themes/Darcula.style,ressource tierce épinglée,"SHA-256, contrôle CSS hors ligne / parseur PEG selon type, empaquetage",a2b4b510f7cbda4446a6d10135e5c3ab771273d100c2f03738e58f6c50306cc2
MacDown/Resources/Themes/Dracula+.style,ressource tierce épinglée,"SHA-256, contrôle CSS hors ligne / parseur PEG selon type, empaquetage",8616add007a358c7a43ced0cc75d8628110ac4df276dbd0048234655c9d926f0
MacDown/Resources/Themes/Dracula.style,ressource tierce épinglée,"SHA-256, contrôle CSS hors ligne / parseur PEG selon type, empaquetage",eec15ab73f706f871e035761039cee6b898404eedc10809712b46a79f00be563
MacDown/Resources/Themes/Duotone Dark+.style,ressource tierce épinglée,"SHA-256, contrôle CSS hors ligne / parseur PEG selon type, empaquetage",33aaa735eef28a33e73d288eb10daade94be0f87e4dd4da1171d6de136df79c3
MacDown/Resources/Themes/Duotone Dark.style,ressource tierce épinglée,"SHA-256, contrôle CSS hors ligne / parseur PEG selon type, empaquetage",7da114b6a5049f7c5c5688510d4c973ded5a257fed5222a94b0fb1c5a8e024d6
MacDown/Resources/Themes/Duotone Earth+.style,ressource tierce épinglée,"SHA-256, contrôle CSS hors ligne / parseur PEG selon type, empaquetage",a78c7ea8bca8d2fdcb8d2dcb1276ad6f214ef2e16878feed029e2f5e2d39d898
MacDown/Resources/Themes/Duotone Earth.style,ressource tierce épinglée,"SHA-256, contrôle CSS hors ligne / parseur PEG selon type, empaquetage",9ac88fe18b57dc7a0b07907aba4f220286dfbf8396ca223b1eed7c3428848ff9
MacDown/Resources/Themes/Duotone Forest+.style,ressource tierce épinglée,"SHA-256, contrôle CSS hors ligne / parseur PEG selon type, empaquetage",53c167ccf1f00bd6da665653c9c2f79c893673f31af426cad9ec75d18f81ffc0
MacDown/Resources/Themes/Duotone Forest.style,ressource tierce épinglée,"SHA-256, contrôle CSS hors ligne / parseur PEG selon type, empaquetage",4a10a70ffcc6f9e9e2803eefe2262a5556266d4590c9b4d7fd167036c260544c
MacDown/Resources/Themes/Duotone Light+.style,ressource tierce épinglée,"SHA-256, contrôle CSS hors ligne / parseur PEG selon type, empaquetage",7ce79a155f26e66d3a310a2d6312aa4314378f542307efe4cea343dfdab3be1b
MacDown/Resources/Themes/Duotone Light.style,ressource tierce épinglée,"SHA-256, contrôle CSS hors ligne / parseur PEG selon type, empaquetage",78ec3378c3b44ab19fd4c5842fd2e84c8571e85d73f27a59f5eebf0bee2354e6
MacDown/Resources/Themes/Duotone Sea+.style,ressource tierce épinglée,"SHA-256, contrôle CSS hors ligne / parseur PEG selon type, empaquetage",b73d4b038c1bdbfdb3a213bf30301176fa61a9f500764ae78e0035e3473a7463
MacDown/Resources/Themes/Duotone Sea.style,ressource tierce épinglée,"SHA-256, contrôle CSS hors ligne / parseur PEG selon type, empaquetage",29472ad417cadc84eb3462d03d0c75fc34af6399e447c3437ea0b3c6360bf71c
MacDown/Resources/Themes/Duotone Space+.style,ressource tierce épinglée,"SHA-256, contrôle CSS hors ligne / parseur PEG selon type, empaquetage",a77a263481ef902302dd60cc3e97392dab47783d31b4d3dd52dedb589d8f14d2
MacDown/Resources/Themes/Duotone Space.style,ressource tierce épinglée,"SHA-256, contrôle CSS hors ligne / parseur PEG selon type, empaquetage",f0a84dfccee60f17f8a059414085c8e9b60d03db8a8f9bb0edd69c4e4c439971
MacDown/Resources/Themes/GHColors+.style,ressource tierce épinglée,"SHA-256, contrôle CSS hors ligne / parseur PEG selon type, empaquetage",d15bee32b2dc4cccbae16738bc95edabc821585451231470f1f22d7d638cab62
MacDown/Resources/Themes/GHColors.style,ressource tierce épinglée,"SHA-256, contrôle CSS hors ligne / parseur PEG selon type, empaquetage",025f425b3af40f98289d7132b1925d4142cb57ffb30f848a55a489dd1ab2b909
MacDown/Resources/Themes/Gruvbox Dark+.style,ressource tierce épinglée,"SHA-256, contrôle CSS hors ligne / parseur PEG selon type, empaquetage",c82ab67a6e720c87727997d5ff290ea1c6e70305bcb5d80b01e319a85d367108
MacDown/Resources/Themes/Gruvbox Dark.style,ressource tierce épinglée,"SHA-256, contrôle CSS hors ligne / parseur PEG selon type, empaquetage",d2a2722d0288d28766987137025bd52d65057ce8cc07c1bd446a850219a11482
MacDown/Resources/Themes/Gruvbox Light+.style,ressource tierce épinglée,"SHA-256, contrôle CSS hors ligne / parseur PEG selon type, empaquetage",96554d5f50de6ff6216dbe876b9479923b6008e40ef4dc880500bea9d4b874b6
MacDown/Resources/Themes/Gruvbox Light.style,ressource tierce épinglée,"SHA-256, contrôle CSS hors ligne / parseur PEG selon type, empaquetage",9f364d9b5e96a15cad2d4fb5da8b6fdca1f28c2ff1af20f1b7d43b5852a6d943
MacDown/Resources/Themes/Holi Theme+.style,ressource tierce épinglée,"SHA-256, contrôle CSS hors ligne / parseur PEG selon type, empaquetage",8acc0f2519f152044fae5d9e737d3fad64d679f5681a5c94560971f0ab87abca
MacDown/Resources/Themes/Holi Theme.style,ressource tierce épinglée,"SHA-256, contrôle CSS hors ligne / parseur PEG selon type, empaquetage",5387de8257c53fcb448ddb45b3fd2f4736f18b231426f5ccff45225a06ccdb42
MacDown/Resources/Themes/Hopscotch+.style,ressource tierce épinglée,"SHA-256, contrôle CSS hors ligne / parseur PEG selon type, empaquetage",43759798d97040404a636a11481c10e51878f5b175f6e18c1c7ebbc77f03c691
MacDown/Resources/Themes/Hopscotch.style,ressource tierce épinglée,"SHA-256, contrôle CSS hors ligne / parseur PEG selon type, empaquetage",b15eeca302a9cb1da047dcf76dc45f08276f74e7f0828f269d54139b229f3844
MacDown/Resources/Themes/Laserwave+.style,ressource tierce épinglée,"SHA-256, contrôle CSS hors ligne / parseur PEG selon type, empaquetage",3230a5c03cdb405adf06f3910d7876286108f9ca1cf6c945a8305734f0f0e586
MacDown/Resources/Themes/Laserwave.style,ressource tierce épinglée,"SHA-256, contrôle CSS hors ligne / parseur PEG selon type, empaquetage",09e1e24b3ac701f69e31461ab0406fa027096f47ee60c37cc364eecdfb3adf3b
MacDown/Resources/Themes/Lucario+.style,ressource tierce épinglée,"SHA-256, contrôle CSS hors ligne / parseur PEG selon type, empaquetage",f4678eabf3231995227eadb3c9d26b56b7dcb599edd1f0592f6dc7b51527ef61
MacDown/Resources/Themes/Lucario.style,ressource tierce épinglée,"SHA-256, contrôle CSS hors ligne / parseur PEG selon type, empaquetage",c46d0ccdf18561fcf1223fe975b12d15e1cdbd0d57ff3309ae477ecfaa3ade21
MacDown/Resources/Themes/Material Dark+.style,ressource tierce épinglée,"SHA-256, contrôle CSS hors ligne / parseur PEG selon type, empaquetage",fe072ac29e3b038655820bbece4d25b98da874641c2813d6171e64517998b133
MacDown/Resources/Themes/Material Dark.style,ressource tierce épinglée,"SHA-256, contrôle CSS hors ligne / parseur PEG selon type, empaquetage",9d782648882751de7e25e30900c1419909438fc6a0b95f830e769bff1f6c7647
MacDown/Resources/Themes/Material Light+.style,ressource tierce épinglée,"SHA-256, contrôle CSS hors ligne / parseur PEG selon type, empaquetage",ae05aa31e781582e6f825660d19605a37f8a27e2d6cf4da2593044deadd57b59
MacDown/Resources/Themes/Material Light.style,ressource tierce épinglée,"SHA-256, contrôle CSS hors ligne / parseur PEG selon type, empaquetage",bf45a688ca6c9bf6fb73937e1722e5a3b3f032dd0fa280be3caf18a706cea7d0
MacDown/Resources/Themes/Material Oceanic+.style,ressource tierce épinglée,"SHA-256, contrôle CSS hors ligne / parseur PEG selon type, empaquetage",5f1720584bab125312b4fa99f4e1152d147660ebd23ea1c4042f3b2270886602
MacDown/Resources/Themes/Material Oceanic.style,ressource tierce épinglée,"SHA-256, contrôle CSS hors ligne / parseur PEG selon type, empaquetage",8157a75e7662dcefcd4dafbd689d25ef226f3d230293f784e34cac7cb5393712
MacDown/Resources/Themes/Night Owl+.style,ressource tierce épinglée,"SHA-256, contrôle CSS hors ligne / parseur PEG selon type, empaquetage",067e454bbda7ccb9549634f09c9bbf630603fe35a584a78accf1886327798196
MacDown/Resources/Themes/Night Owl.style,ressource tierce épinglée,"SHA-256, contrôle CSS hors ligne / parseur PEG selon type, empaquetage",9e512ee55ce8381e67535a6bf9d6cae8f7bf23c59139c1501f6cbb3393ed9fa5
MacDown/Resources/Themes/Nord+.style,ressource tierce épinglée,"SHA-256, contrôle CSS hors ligne / parseur PEG selon type, empaquetage",032541b5e40497d9c785cc84f26aec8b7113d68ea03eb33cd2cff84a23871cf1
MacDown/Resources/Themes/Nord.style,ressource tierce épinglée,"SHA-256, contrôle CSS hors ligne / parseur PEG selon type, empaquetage",14614c7b7dd1abe2bbd2ce558994629edeef87dffb72633620e254744d098027
MacDown/Resources/Themes/One Dark+.style,ressource tierce épinglée,"SHA-256, contrôle CSS hors ligne / parseur PEG selon type, empaquetage",96614d94e791d221099f9af78f8871020d8397d081c49d2dbefc4bc446e612ae
MacDown/Resources/Themes/One Dark.style,ressource tierce épinglée,"SHA-256, contrôle CSS hors ligne / parseur PEG selon type, empaquetage",52011c7bbb5d8a756c05df84732ef9ec6861bd88682527fdd0d1167d96b8d470
MacDown/Resources/Themes/One Light+.style,ressource tierce épinglée,"SHA-256, contrôle CSS hors ligne / parseur PEG selon type, empaquetage",cb956f7a2126c5b7c37b9e154f1f14f5ff770b07b7be8c34ad55fa261189a858
MacDown/Resources/Themes/One Light.style,ressource tierce épinglée,"SHA-256, contrôle CSS hors ligne / parseur PEG selon type, empaquetage",7bacaab134574d8041b32b4565eae2e24b7b5f98de721981bffc414cb8af677b
MacDown/Resources/Themes/Pojoaque+.style,ressource tierce épinglée,"SHA-256, contrôle CSS hors ligne / parseur PEG selon type, empaquetage",61272dfa4b488ffccf600be138057eca5e09ab1afae9519baad1b3a3edd2f401
MacDown/Resources/Themes/Pojoaque.style,ressource tierce épinglée,"SHA-256, contrôle CSS hors ligne / parseur PEG selon type, empaquetage",29266652785b89a4eb1b444e31aeee9ea2d093f3d8095a352924e97064ed1e7a
MacDown/Resources/Themes/Shades of Purple+.style,ressource tierce épinglée,"SHA-256, contrôle CSS hors ligne / parseur PEG selon type, empaquetage",82a47cf4c7b0bddbf8e0e5c32efaa870a77af9aafaf2a91cc5207471b80d133f
MacDown/Resources/Themes/Shades of Purple.style,ressource tierce épinglée,"SHA-256, contrôle CSS hors ligne / parseur PEG selon type, empaquetage",a045b107cc208278271b8606efa5dcc815d4b55d0c7cf598db9cf480d949b7bd
MacDown/Resources/Themes/Solarized Dark Atom+.style,ressource tierce épinglée,"SHA-256, contrôle CSS hors ligne / parseur PEG selon type, empaquetage",c41a8e7ebe3631e597f3d47c7a34abc8ed83a068acd317e745b6ee613b001b52
MacDown/Resources/Themes/Solarized Dark Atom.style,ressource tierce épinglée,"SHA-256, contrôle CSS hors ligne / parseur PEG selon type, empaquetage",746a0bf756fc09fda1e90146c5b4ec3224ea60d5157179dae586b5022a919733
MacDown/Resources/Themes/Synthwave 84+.style,ressource tierce épinglée,"SHA-256, contrôle CSS hors ligne / parseur PEG selon type, empaquetage",885fec7ef0d20b9444c7efbb7691b04515ec9a96006cdd55e54bd88048888d0b
MacDown/Resources/Themes/Synthwave 84.style,ressource tierce épinglée,"SHA-256, contrôle CSS hors ligne / parseur PEG selon type, empaquetage",0e60f8fa695b31aaa53e643f333cc6f1dca6cf6cd395a152ccbf58b76a1ee898
MacDown/Resources/Themes/VS Code Dark Plus+.style,ressource tierce épinglée,"SHA-256, contrôle CSS hors ligne / parseur PEG selon type, empaquetage",de019e14224d2fce12706eac17ae7081abf2dff328ad490f90415bcc006dbe2d
MacDown/Resources/Themes/VS Code Dark Plus.style,ressource tierce épinglée,"SHA-256, contrôle CSS hors ligne / parseur PEG selon type, empaquetage",780dc40ccaa0ff9f1b3893ada30c2005ff6bba998eb6c49e91e8ff983a6dccd4
MacDown/Resources/Themes/VS+.style,ressource tierce épinglée,"SHA-256, contrôle CSS hors ligne / parseur PEG selon type, empaquetage",148573ebf35eb5995c414ab43a5e06a9b44b0646b40269b20c6f3fa4528ebf03
MacDown/Resources/Themes/VS.style,ressource tierce épinglée,"SHA-256, contrôle CSS hors ligne / parseur PEG selon type, empaquetage",28edbcd3a6e7fb9ee1dd9e4e6a384b9c73ef7680f7b65416fccf82481286638e
MacDown/Resources/Themes/Xonokai+.style,ressource tierce épinglée,"SHA-256, contrôle CSS hors ligne / parseur PEG selon type, empaquetage",18352ebc644887b41ded4d7fa2cbaa7fb8b603b53fec9bdbbf1372cc96d94342
MacDown/Resources/Themes/Xonokai.style,ressource tierce épinglée,"SHA-256, contrôle CSS hors ligne / parseur PEG selon type, empaquetage",67493bf51076ad8e6b053747ec3adfa096b7ef34a6ab01dccffe6ca5628662d0
MacDown/Resources/Themes/Z-Touch+.style,ressource tierce épinglée,"SHA-256, contrôle CSS hors ligne / parseur PEG selon type, empaquetage",9546213dbc69ac462a3a130b5d5486128f5ea6c847166018f1171ff9efa9add2
MacDown/Resources/Themes/Z-Touch.style,ressource tierce épinglée,"SHA-256, contrôle CSS hors ligne / parseur PEG selon type, empaquetage",c418249b3c55f6c91a430bba33f6eafec6be051601568d5c866667c42f427d19
MacDown/Resources/Themes/a11y Dark+.style,ressource tierce épinglée,"SHA-256, contrôle CSS hors ligne / parseur PEG selon type, empaquetage",68938b1eb398c2d02cb3dd0dc7bedfbbaaad39c99e1ec8a676db21b0b9a109e3
MacDown/Resources/Themes/a11y Dark.style,ressource tierce épinglée,"SHA-256, contrôle CSS hors ligne / parseur PEG selon type, empaquetage",be72bc8142ae251d7a8bc461d1a85d47bbbf42e10850f12ce38d225835c20aab
MacDownCore/MPMarkdownPreprocessor.h,code/configuration ajouté ou modifié et dépendances utiles,"relecture du diff, parcours natif / partagé / construction selon surface",0c8d891f293e2816da5c35dc9202a9726ae72f7e6b21bfb2b512855309ec814c
MacDownCore/MPQuickLookPreferences.h,code/configuration ajouté ou modifié et dépendances utiles,"relecture du diff, parcours natif / partagé / construction selon surface",4656c52c06f7dd868042e544b01d7a1837888d37183c9ca61294983b993508bc
MacDownCore/MPQuickLookPreferences.m,code/configuration ajouté ou modifié et dépendances utiles,"relecture du diff, parcours natif / partagé / construction selon surface",883a4bfbefe24b83983a6bde20a198f8b0c5b3a4f1dc61d2ff402efb9899bbc0
MacDownCore/MPQuickLookRenderer.m,code/configuration ajouté ou modifié et dépendances utiles,"relecture du diff, parcours natif / partagé / construction selon surface",d3efe0be57a8e5f3fe8227e6f9edafc5aaf6cd755e4e3e97824de217f8f43f1a
MacDownCore/MPReaderStyles.h,code/configuration ajouté ou modifié et dépendances utiles,"relecture du diff, parcours natif / partagé / construction selon surface",6cbe23bedda5bf59e0460de67ebd5631e7d51e8f8b08a5c72d619ddd0485c726
MacDownTests/BuildTools/callout_tests.m,ajouts/modifications du banc de test,relecture du changement et exécution du contrat concerné,a1edcc1919e3b39e21b97c29a83ab70003458475ef68cd254da8000166003c6c
MacDownTests/BuildTools/callout_tests.py,ajouts/modifications du banc de test,relecture du changement et exécution du contrat concerné,96c2f3a4fca03904a7bf0a48ad7db6d0db62e4e3a5b3e2c905759b93022492e2
MacDownTests/BuildTools/community_theme_parser_tests.c,ajouts/modifications du banc de test,relecture du changement et exécution du contrat concerné,be27c64eec3b45756a99737c916df5f01b051ac204cf9967ed5c546513b96e7f
MacDownTests/BuildTools/community_theme_tests.py,ajouts/modifications du banc de test,relecture du changement et exécution du contrat concerné,ab958d1c95ebac1e621ea9fd0f86e56657620a3e9fb6c994da47a63bf4ff8a39
MacDownTests/BuildTools/heading_spacing_tests.m,ajouts/modifications du banc de test,relecture du changement et exécution du contrat concerné,80f873da1e7091049a181f91f33adfdf9b6d4127c6cda8d0b45f62a5f2a96f6d
MacDownTests/BuildTools/quicklook_code_theme_tests.m,ajouts/modifications du banc de test,relecture du changement et exécution du contrat concerné,8c0ceaf85f991651e7b28175da91f64993df78860377968b48e1864a870ff359
MacDownTests/BuildTools/quicklook_theme_tests.m,ajouts/modifications du banc de test,relecture du changement et exécution du contrat concerné,376e587970c26aa3b50c1bde0ec0cd718975095bac8e7b79102b3dcc0be1ebcb
MacDownTests/MPDocumentLifecycleTests.m,ajouts/modifications du banc de test,relecture du changement et exécution du contrat concerné,131c9852abc93d1aa4877ac36bb2cda99b79c8adfabf593ff9766331639a707f
MacDownTests/MPMainControllerFolderTests.m,ajouts/modifications du banc de test,relecture du changement et exécution du contrat concerné,82315c7fd77150316b26410b9f202a1d260830536e9a2dfd3a2317fc24c1b708
MacDownTests/MPMarkdownRenderingTests.m,ajouts/modifications du banc de test,relecture du changement et exécution du contrat concerné,17f493333b0db7a5cd5acb2b211eaa23d6f2327097d3881c245db79cc74b6dfb
MacDownTests/MPPDFAnchorInjectorTests.m,ajouts/modifications du banc de test,relecture du changement et exécution du contrat concerné,45a2420fb9cd6c5095ddc6845276c0f7aca03154d186988ce690f422c1eea2a7
MacDownTests/MPQuickLookRendererTests.m,ajouts/modifications du banc de test,relecture du changement et exécution du contrat concerné,09310678e46de78be091df27ae809f2e23efaf5e4f20b0456e0f3e94f70a815b
MacDownUITests/MacDownUITests.swift,ajouts/modifications du banc de test,relecture du changement et exécution du contrat concerné,2c3a7e524b10db8a9db55a32264bb72665d382112b2e03729c2fbc68776bc9bc
docs/themes/community-credits.md,documentation et manifeste,"cohérence avec source épinglée, ressources et préférences",062cf8ccbc76bd4804512045e1ab3f5d7aa7fe239dc9d170d33cd71e4f27a4d5
docs/themes/community-manifest.json,documentation et manifeste,"cohérence avec source épinglée, ressources et préférences",12cb369dfedafaabbc20740e13fcbaee687e5de1c7dec1a4b9e45fdb46330f54
docs/themes/community-themes.md,documentation et manifeste,"cohérence avec source épinglée, ressources et préférences",ee0afe961c583a6513e483b486f603fd16a810da6ca68f2def425b5a9b9a2a2e
